{
  "project_info": {
    "project_number": "74768924539",
    "project_id": "smartdoc-8887b",
    "storage_bucket": "smartdoc-8887b.firebasestorage.app"
  },
  "client": [
    {
      "client_info": {
        "mobilesdk_app_id": "1:74768924539:android:c13fddd2116f1d214847de",
        "android_client_info": {
          "package_name": "com.example.linarrra"
        }
      },
      "oauth_client": [],
      "api_key": [
        {
          "current_key": "AIzaSyCW7wi-eLouC2aXA4Mg7vhOkzNkfQOF-qo"
        }
      ],
      "services": {
        "appinvite_service": {
          "other_platform_oauth_client": []
        }
      }
    },
    {
      "client_info": {
        "mobilesdk_app_id": "1:74768924539:android:facb5ee77c0977f24847de",
        "android_client_info": {
          "package_name": "com.example.notesb"
        }
      },
      "oauth_client": [],
      "api_key": [
        {
          "current_key": "AIzaSyCW7wi-eLouC2aXA4Mg7vhOkzNkfQOF-qo"
        }
      ],
      "services": {
        "appinvite_service": {
          "other_platform_oauth_client": []
        }
      }
    }
  ],
  "configuration_version": "1"
}